row,sku,product,differs_in,filemaker_price,quickbooks_price,shopify_price,spread,flag,CORRECT_SOURCE,CORRECT_PRICE,NOTES,fm_recordId,qbo_id,shopify_variantId
1,,"Petzl, Axis 11mm Low Stretch Kernmantle Rope; Black; 600'",QBO + Shopify,794.95,1.34,1.34,793.61,LIKELY UNIT ERROR - check before pricing,,,,17530,1184,gid://shopify/ProductVariant/46046377345241
2,,"Atomik Climbing Hold - Elementary Adventure Package 2, bolt on ",Shopify,1410.00,,625.00,785.00,,,,,17020,,gid://shopify/ProductVariant/16397984202842
3,,"Petzl, Axis 11mm Low Stretch Kernmantle Rope; White; 600'",QBO + Shopify,759.95,1.27,1.27,758.68,LIKELY UNIT ERROR - check before pricing,,,,17531,839,gid://shopify/ProductVariant/46046377279705
4,500-3413-90-00000-2,Unity Dynamic Rope Blue 9MM - 660ft,QBO + Shopify,309.95,773.85,773.85,463.90,,,,,17397,424,gid://shopify/ProductVariant/16612242522202
5,2331,Vertical Playpen Rope Ladder Access,QBO,227.30,377.07,,149.77,,,,,17646,1282,
6,1083,"Cypher, 1"" Tubular Webbing - 300' Spool / No Preference",Shopify,139.95,,0.49,139.46,LIKELY UNIT ERROR - check before pricing,,,,17423,,gid://shopify/ProductVariant/46582101835993
7,2172,Rescue Bag - Bag only,QBO,0.00,95.75,,95.75,LIKELY UNIT ERROR - check before pricing,,,,17463,1180,
8,2024,Custom High 5 Tarp Assembly,QBO,836.84,770.00,,66.84,,,,,17263,500,
9,1316,Small Program Bag,QBO + Shopify,269.19,335.00,335.00,65.81,,,,,17180,491,gid://shopify/ProductVariant/17982157324378
10,669-1604-20L,Havens Grip with Latch,QBO,150.00,205.50,,55.50,,,,,16576,815,
11,661-47011,"Irwin Pole Auger Bit 11/16X29""",QBO,71.35,126.53,,55.18,,,,,16526,818,
12,669-1604-20,Havens Grip,QBO,130.00,178.72,,48.72,,,,,16575,814,
13,Cord 176-SHOCK0500-0100,Nylon Shock Cord 1/2X100',QBO,110.60,70.40,,40.20,,,,,16476,446,
14,2018,High 5 Mat Assembly,QBO,793.04,760.00,,33.04,,,,,17348,571,
15,1136,Keypunch Kit,Shopify,125.00,,100.00,25.00,,,,,17098,,gid://shopify/ProductVariant/16398007959642
16,500-7300-20-00600,Multiline II 3-Strand Rope 5/8X600',QBO + Shopify,683.45,660.20,660.20,23.25,,,,,16540,641,gid://shopify/ProductVariant/16611866902618
17,Cord 176-SHOCK0187-0300,Nylon Shock Cord 3/16X300',QBO + Shopify,61.10,38.85,38.85,22.25,,,,,16475,642,gid://shopify/ProductVariant/16626599886938
18,Twirlies,Twirlies,QBO,2.05,24.00,,21.95,LIKELY UNIT ERROR - check before pricing,,,,17105,102,
19,527-27000,Elk River Zorber Eye & Eye,QBO,55.10,33.91,,21.19,,,,,16398,827,
20,,Petzl Am'd Aluminum Carabiner,QBO,18.95,0.00,,18.95,LIKELY UNIT ERROR - check before pricing,,,,17373,1105,
21,Cord 176-SHOCK0187-0150,Nylon Shock Cord 3/16X150',QBO + Shopify,33.60,21.40,21.40,12.20,,,,,16474,445,gid://shopify/ProductVariant/16626599854170
22,1158,"Maillon Rapide, Oval Quick Link 5/8""",Shopify,32.00,,20.40,11.60,,,,,16304,,gid://shopify/ProductVariant/48861209559257
23,9780757565328,Silver Bullets,QBO + Shopify,39.85,49.95,49.95,10.10,,,,,17059,1032,gid://shopify/ProductVariant/16397970341978
24,500-3304-16-00600,"New England Ropes, 1/2 KMIII Static, black - 660' spool",QBO + Shopify,882.90,873.85,873.85,9.05,,,,,16494,420,gid://shopify/ProductVariant/16611303948378
25,500-3305-16-00600,"New England Ropes, 1/2 KMIII Static, orange - 600' spool",QBO + Shopify,882.90,873.85,873.85,9.05,,,,,16499,1146,gid://shopify/ProductVariant/16611304112218
26,9780787221034,Quicksilver,QBO + Shopify,49.50,57.95,57.95,8.45,,,,,17058,98,gid://shopify/ProductVariant/16397972570202
27,9780757508783,Bottomless Bag Revival,QBO + Shopify,36.75,44.95,44.95,8.20,,,,,17045,275,gid://shopify/ProductVariant/16397972439130
28,302-QLD625MR,"Maillon Rapide, Delta Quick Link 5/8""",QBO + Shopify,35.60,27.55,27.55,8.05,,,,,16463,782,gid://shopify/ProductVariant/16613388681306
29,2013,Tinker - Resale,Shopify,12.00,,20.00,8.00,,,,,17512,,gid://shopify/ProductVariant/16397984039002
30,500-3300-16-00600,"New England Ropes, 1/2 KMIII Static, white - 600' spool",QBO + Shopify,766.25,758.35,758.35,7.90,,,,,16490,538,gid://shopify/ProductVariant/16611304013914
31,1157,"Maillon Rapide, Oval Quick Link 9/16""",Shopify,21.60,,13.75,7.85,,,,,16303,,gid://shopify/ProductVariant/48861209526489
32,500-3304-14-00600,"New England Ropes, 7/16 KMIII Static, black - 600' spool",QBO + Shopify,720.50,713.10,713.10,7.40,,,,,16492,537,gid://shopify/ProductVariant/16397997310042
33,500-3305-14-00600,"New England Ropes, 7/16 KMIII Static, orange - 600' spool",QBO + Shopify,720.50,713.10,713.10,7.40,,,,,16497,1183,gid://shopify/ProductVariant/16611303882842
34,9781475820829,Social and Emotional Learning in Action,Shopify,24.95,,17.60,7.35,,,,,17064,,gid://shopify/ProductVariant/16397978271834
35,1432,Ubuntu Cards & 52 Fathoms Bundle,QBO,45.00,38.00,,7.00,,,,,17487,919,
36,9780757508462,Funn 'N Games,QBO + Shopify,43.50,49.99,49.99,6.49,,,,,17048,96,gid://shopify/ProductVariant/16397972537434
37,1130,High 5 Lower Off Kit for Voyageur Course,QBO + Shopify,446.18,440.00,440.00,6.18,,,,,16967,620,gid://shopify/ProductVariant/16397984071770
38,9780787297046,A Small Book About Large Group Games,QBO + Shopify,19.95,25.95,25.95,6.00,,,,,17040,1066,gid://shopify/ProductVariant/16397972406362
39,1182,"New England Ropes, 5mm Accessory Cord; 300' Spool",QBO + Shopify,115.50,110.75,110.75,4.75,,,,,16512,637,gid://shopify/ProductVariant/16626497683546
40,1182,"New England Ropes, 5mm Accessory Cord; 300' Spool (DUPLICATE SKU - see row 39)",QBO + Shopify,115.50,110.75,110.75,4.75,,,,,17676,637,gid://shopify/ProductVariant/16626497683546
41,9780840354341,Cowstails and Cobras II,QBO + Shopify,35.25,39.99,39.99,4.74,,,,,17046,1030,gid://shopify/ProductVariant/16397972504666
42,,Rock Exotica Pirate Screw Lock,QBO,21.00,16.50,,4.50,,,,,17281,363,
43,302-QLD500MR,"Maillon Rapide, Delta Quick Link 1/2""",QBO + Shopify,19.80,16.25,16.25,3.55,,,,,17305,780,gid://shopify/ProductVariant/16397986201690
44,1263,"Petzl, William Carabiner; Ball-Lock Gray",QBO,32.95,29.95,,3.00,,,,,17437,695,
45,1267,"Petzl, William Carabiner; Ball-Lock Gold",QBO,32.95,29.95,,3.00,,,,,17452,699,
46,1155,"Maillon Rapide, Oval Quick Link 3/8""",Shopify,8.10,,5.10,3.00,,,,,16301,,gid://shopify/ProductVariant/16397987053658
47,115-STAP500x06,"1/2"" x 6"" Staple",QBO,5.60,3.45,,2.15,,,,,16299,772,
48,402-R1000,"CMI, Rescue 8",QBO + Shopify,45.25,43.15,43.15,2.10,,,,,16363,399,gid://shopify/ProductVariant/16398000914522
49,402-R800,"CMI, Figure 8",QBO + Shopify,36.10,34.35,34.35,1.75,,,,,16364,527,gid://shopify/ProductVariant/16397999603802
50,302-QLD562MR,"Maillon Rapide, Delta Quick Link 9/16""",QBO + Shopify,25.90,24.15,24.15,1.75,,,,,16462,781,gid://shopify/ProductVariant/16613388648538
51,115-STAP375x04,"3/8"" x 4"" Staple",QBO,2.96,2.11,,0.85,,,,,16300,771,
52,2232,2 Day Skill Refresher: Level 1 Review,Shopify,405.09,,405.00,0.09,,,,,17549,,gid://shopify/ProductVariant/30364107341914
53,176-SHOCK0187-0000,Nylon Shock Cord 3/16xFoot,QBO + Shopify,0.22,0.15,0.15,0.07,,,,,16332,550,gid://shopify/ProductVariant/16397997047898
54,500-3413-90-00000,Unity Dynamic Rope Blue 9MM - By The Foot,QBO + Shopify,1.45,1.40,1.40,0.05,,,,,16509,540,gid://shopify/ProductVariant/16397996785754
55,661-46911,"Irwin Pole Auger Bit 11/16X23""",QBO,61.43,61.42,,0.01,,,,,16525,817,
